filepath,label
.\\animeface-character-dataset\\thumb\\000_hatsune_miku\\face_27_136_113.png,0
.\\animeface-character-dataset\\thumb\\000_hatsune_miku\\face_93_104_36.png,0
.\\animeface-character-dataset\\thumb\\000_hatsune_miku\\face_128_326_108.png,0
.\\animeface-character-dataset\\thumb\\000_hatsune_miku\\face_136_245_126.png,0
.\\animeface-character-dataset\\thumb\\000_hatsune_miku\\face_165_132_79.png,0
.\\animeface-character-dataset\\thumb\\000_hatsune_miku\\face_168_638_76.png,0
.\\animeface-character-dataset\\thumb\\000_hatsune_miku\\face_208_170_115.png,0
.\\animeface-character-dataset\\thumb\\000_hatsune_miku\\face_209_55_78.png,0
.\\animeface-character-dataset\\thumb\\000_hatsune_miku\\face_214_99_108.png,0
.\\animeface-character-dataset\\thumb\\000_hatsune_miku\\face_227_303_150.png,0
.\\animeface-character-dataset\\thumb\\000_hatsune_miku\\face_250_136_15.png,0
.\\animeface-character-dataset\\thumb\\000_hatsune_miku\\face_250_181_154.png,0
.\\animeface-character-dataset\\thumb\\000_hatsune_miku\\face_260_173_131.png,0
.\\animeface-character-dataset\\thumb\\000_hatsune_miku\\face_265_170_51.png,0
.\\animeface-character-dataset\\thumb\\000_hatsune_miku\\face_277_225_56.png,0
.\\animeface-character-dataset\\thumb\\000_hatsune_miku\\face_286_77_58.png,0
.\\animeface-character-dataset\\thumb\\000_hatsune_miku\\face_295_113_81.png,0
.\\animeface-character-dataset\\thumb\\000_hatsune_miku\\face_303_158_140.png,0
.\\animeface-character-dataset\\thumb\\000_hatsune_miku\\face_311_221_73.png,0
.\\animeface-character-dataset\\thumb\\000_hatsune_miku\\face_322_170_135.png,0
.\\animeface-character-dataset\\thumb\\000_hatsune_miku\\face_322_322_38.png,0
.\\animeface-character-dataset\\thumb\\000_hatsune_miku\\face_326_130_21.png,0
.\\animeface-character-dataset\\thumb\\000_hatsune_miku\\face_328_209_46.png,0
.\\animeface-character-dataset\\thumb\\000_hatsune_miku\\face_332_124_33.png,0
.\\animeface-character-dataset\\thumb\\000_hatsune_miku\\face_341_160_137.png,0
.\\animeface-character-dataset\\thumb\\000_hatsune_miku\\face_357_256_119.png,0
.\\animeface-character-dataset\\thumb\\000_hatsune_miku\\face_361_115_129.png,0
.\\animeface-character-dataset\\thumb\\000_hatsune_miku\\face_363_253_144.png,0
.\\animeface-character-dataset\\thumb\\000_hatsune_miku\\face_370_580_110.png,0
.\\animeface-character-dataset\\thumb\\000_hatsune_miku\\face_385_110_90.png,0
.\\animeface-character-dataset\\thumb\\000_hatsune_miku\\face_392_130_71.png,0
.\\animeface-character-dataset\\thumb\\000_hatsune_miku\\face_398_290_65.png,0
.\\animeface-character-dataset\\thumb\\000_hatsune_miku\\face_404_144_123.png,0
.\\animeface-character-dataset\\thumb\\000_hatsune_miku\\face_409_197_37.png,0
.\\animeface-character-dataset\\thumb\\000_hatsune_miku\\face_412_76_108.png,0
.\\animeface-character-dataset\\thumb\\000_hatsune_miku\\face_422_672_7.png,0
.\\animeface-character-dataset\\thumb\\000_hatsune_miku\\face_429_214_130.png,0
.\\animeface-character-dataset\\thumb\\000_hatsune_miku\\face_447_216_121.png,0
.\\animeface-character-dataset\\thumb\\000_hatsune_miku\\face_477_159_49.png,0
.\\animeface-character-dataset\\thumb\\000_hatsune_miku\\face_489_130_83.png,0
.\\animeface-character-dataset\\thumb\\000_hatsune_miku\\face_506_632_88.png,0
.\\animeface-character-dataset\\thumb\\000_hatsune_miku\\face_531_113_29.png,0
.\\animeface-character-dataset\\thumb\\000_hatsune_miku\\face_542_102_134.png,0
.\\animeface-character-dataset\\thumb\\000_hatsune_miku\\face_550_132_79.png,0
.\\animeface-character-dataset\\thumb\\000_hatsune_miku\\face_553_15_24.png,0
.\\animeface-character-dataset\\thumb\\000_hatsune_miku\\face_559_356_147.png,0
.\\animeface-character-dataset\\thumb\\000_hatsune_miku\\face_560_145_77.png,0
.\\animeface-character-dataset\\thumb\\000_hatsune_miku\\face_563_56_31.png,0
.\\animeface-character-dataset\\thumb\\000_hatsune_miku\\face_568_250_96.png,0
.\\animeface-character-dataset\\thumb\\000_hatsune_miku\\face_569_132_132.png,0
.\\animeface-character-dataset\\thumb\\000_hatsune_miku\\face_574_143_89.png,0
.\\animeface-character-dataset\\thumb\\000_hatsune_miku\\face_585_237_117.png,0
.\\animeface-character-dataset\\thumb\\000_hatsune_miku\\face_590_180_107.png,0
.\\animeface-character-dataset\\thumb\\000_hatsune_miku\\face_604_367_106.png,0
.\\animeface-character-dataset\\thumb\\000_hatsune_miku\\face_632_189_54.png,0
.\\animeface-character-dataset\\thumb\\000_hatsune_miku\\face_638_172_18.png,0
.\\animeface-character-dataset\\thumb\\000_hatsune_miku\\face_641_448_151.png,0
.\\animeface-character-dataset\\thumb\\000_hatsune_miku\\face_670_483_89.png,0
.\\animeface-character-dataset\\thumb\\000_hatsune_miku\\face_711_34_83.png,0
.\\animeface-character-dataset\\thumb\\000_hatsune_miku\\face_759_142_0.png,0
.\\animeface-character-dataset\\thumb\\000_hatsune_miku\\face_858_187_45.png,0
.\\animeface-character-dataset\\thumb\\000_hatsune_miku\\face_870_205_94.png,0
.\\animeface-character-dataset\\thumb\\000_hatsune_miku\\face_949_105_157.png,0
.\\animeface-character-dataset\\thumb\\000_hatsune_miku\\face_986_208_103.png,0
.\\animeface-character-dataset\\thumb\\001_kinomoto_sakura\\face_981_136_64.png,1
.\\animeface-character-dataset\\thumb\\001_kinomoto_sakura\\face_98_196_139.png,1
.\\animeface-character-dataset\\thumb\\001_kinomoto_sakura\\face_156_313_74.png,1
.\\animeface-character-dataset\\thumb\\001_kinomoto_sakura\\face_158_369_3.png,1
.\\animeface-character-dataset\\thumb\\001_kinomoto_sakura\\face_174_249_35.png,1
.\\animeface-character-dataset\\thumb\\001_kinomoto_sakura\\face_174_249_52.png,1
.\\animeface-character-dataset\\thumb\\001_kinomoto_sakura\\face_188_235_70.png,1
.\\animeface-character-dataset\\thumb\\001_kinomoto_sakura\\face_189_227_85.png,1
.\\animeface-character-dataset\\thumb\\001_kinomoto_sakura\\face_196_228_120.png,1
.\\animeface-character-dataset\\thumb\\001_kinomoto_sakura\\face_196_313_88.png,1
.\\animeface-character-dataset\\thumb\\001_kinomoto_sakura\\face_200_432_149.png,1
.\\animeface-character-dataset\\thumb\\001_kinomoto_sakura\\face_202_144_47.png,1
.\\animeface-character-dataset\\thumb\\001_kinomoto_sakura\\face_202_346_22.png,1
.\\animeface-character-dataset\\thumb\\001_kinomoto_sakura\\face_202_346_108.png,1
.\\animeface-character-dataset\\thumb\\001_kinomoto_sakura\\face_204_227_93.png,1
.\\animeface-character-dataset\\thumb\\001_kinomoto_sakura\\face_208_227_143.png,1
.\\animeface-character-dataset\\thumb\\001_kinomoto_sakura\\face_214_250_42.png,1
.\\animeface-character-dataset\\thumb\\001_kinomoto_sakura\\face_224_356_38.png,1
.\\animeface-character-dataset\\thumb\\001_kinomoto_sakura\\face_227_227_159.png,1
.\\animeface-character-dataset\\thumb\\001_kinomoto_sakura\\face_228_228_67.png,1
.\\animeface-character-dataset\\thumb\\001_kinomoto_sakura\\face_228_326_122.png,1
.\\animeface-character-dataset\\thumb\\001_kinomoto_sakura\\face_228_326_142.png,1
.\\animeface-character-dataset\\thumb\\001_kinomoto_sakura\\face_231_374_72.png,1
.\\animeface-character-dataset\\thumb\\001_kinomoto_sakura\\face_235_274_13.png,1
.\\animeface-character-dataset\\thumb\\001_kinomoto_sakura\\face_235_352_27.png,1
.\\animeface-character-dataset\\thumb\\001_kinomoto_sakura\\face_238_298_75.png,1
.\\animeface-character-dataset\\thumb\\001_kinomoto_sakura\\face_240_397_21.png,1
.\\animeface-character-dataset\\thumb\\001_kinomoto_sakura\\face_245_163_49.png,1
.\\animeface-character-dataset\\thumb\\001_kinomoto_sakura\\face_245_163_51.png,1
.\\animeface-character-dataset\\thumb\\001_kinomoto_sakura\\face_245_231_18.png,1
.\\animeface-character-dataset\\thumb\\001_kinomoto_sakura\\face_245_245_32.png,1
.\\animeface-character-dataset\\thumb\\001_kinomoto_sakura\\face_250_204_104.png,1
.\\animeface-character-dataset\\thumb\\001_kinomoto_sakura\\face_260_187_99.png,1
.\\animeface-character-dataset\\thumb\\001_kinomoto_sakura\\face_261_163_7.png,1
.\\animeface-character-dataset\\thumb\\001_kinomoto_sakura\\face_261_163_90.png,1
.\\animeface-character-dataset\\thumb\\001_kinomoto_sakura\\face_261_196_4.png,1
.\\animeface-character-dataset\\thumb\\001_kinomoto_sakura\\face_261_294_14.png,1
.\\animeface-character-dataset\\thumb\\001_kinomoto_sakura\\face_261_294_115.png,1
.\\animeface-character-dataset\\thumb\\001_kinomoto_sakura\\face_265_284_134.png,1
.\\animeface-character-dataset\\thumb\\001_kinomoto_sakura\\face_268_284_55.png,1
.\\animeface-character-dataset\\thumb\\001_kinomoto_sakura\\face_268_298_40.png,1
.\\animeface-character-dataset\\thumb\\001_kinomoto_sakura\\face_270_290_77.png,1
.\\animeface-character-dataset\\thumb\\001_kinomoto_sakura\\face_272_227_155.png,1
.\\animeface-character-dataset\\thumb\\001_kinomoto_sakura\\face_272_272_96.png,1
.\\animeface-character-dataset\\thumb\\001_kinomoto_sakura\\face_273_199_97.png,1
.\\animeface-character-dataset\\thumb\\001_kinomoto_sakura\\face_273_199_131.png,1
.\\animeface-character-dataset\\thumb\\001_kinomoto_sakura\\face_274_187_136.png,1
.\\animeface-character-dataset\\thumb\\001_kinomoto_sakura\\face_274_216_128.png,1
.\\animeface-character-dataset\\thumb\\001_kinomoto_sakura\\face_284_205_73.png,1
.\\animeface-character-dataset\\thumb\\001_kinomoto_sakura\\face_284_316_92.png,1
.\\animeface-character-dataset\\thumb\\001_kinomoto_sakura\\face_284_316_94.png,1
.\\animeface-character-dataset\\thumb\\001_kinomoto_sakura\\face_284_341_141.png,1
.\\animeface-character-dataset\\thumb\\001_kinomoto_sakura\\face_284_493_91.png,1
.\\animeface-character-dataset\\thumb\\001_kinomoto_sakura\\face_288_158_60.png,1
.\\animeface-character-dataset\\thumb\\001_kinomoto_sakura\\face_289_240_54.png,1
.\\animeface-character-dataset\\thumb\\001_kinomoto_sakura\\face_290_290_34.png,1
.\\animeface-character-dataset\\thumb\\001_kinomoto_sakura\\face_290_356_157.png,1
.\\animeface-character-dataset\\thumb\\001_kinomoto_sakura\\face_291_211_50.png,1
.\\animeface-character-dataset\\thumb\\001_kinomoto_sakura\\face_293_209_148.png,1
.\\animeface-character-dataset\\thumb\\001_kinomoto_sakura\\face_293_247_152.png,1
.\\animeface-character-dataset\\thumb\\001_kinomoto_sakura\\face_294_207_154.png,1
.\\animeface-character-dataset\\thumb\\001_kinomoto_sakura\\face_294_242_111.png,1
.\\animeface-character-dataset\\thumb\\001_kinomoto_sakura\\face_294_294_10.png,1
.\\animeface-character-dataset\\thumb\\001_kinomoto_sakura\\face_294_329_107.png,1
.\\animeface-character-dataset\\thumb\\001_kinomoto_sakura\\face_294_415_53.png,1
.\\animeface-character-dataset\\thumb\\001_kinomoto_sakura\\face_295_204_116.png,1
.\\animeface-character-dataset\\thumb\\001_kinomoto_sakura\\face_295_204_123.png,1
.\\animeface-character-dataset\\thumb\\001_kinomoto_sakura\\face_297_297_20.png,1
.\\animeface-character-dataset\\thumb\\001_kinomoto_sakura\\face_298_199_17.png,1
.\\animeface-character-dataset\\thumb\\001_kinomoto_sakura\\face_298_199_117.png,1
.\\animeface-character-dataset\\thumb\\001_kinomoto_sakura\\face_299_299_5.png,1
.\\animeface-character-dataset\\thumb\\001_kinomoto_sakura\\face_299_327_82.png,1
.\\animeface-character-dataset\\thumb\\001_kinomoto_sakura\\face_300_189_44.png,1
.\\animeface-character-dataset\\thumb\\001_kinomoto_sakura\\face_303_189_109.png,1
.\\animeface-character-dataset\\thumb\\001_kinomoto_sakura\\face_303_189_121.png,1
.\\animeface-character-dataset\\thumb\\001_kinomoto_sakura\\face_303_211_103.png,1
.\\animeface-character-dataset\\thumb\\001_kinomoto_sakura\\face_303_211_114.png,1
.\\animeface-character-dataset\\thumb\\001_kinomoto_sakura\\face_316_442_11.png,1
.\\animeface-character-dataset\\thumb\\001_kinomoto_sakura\\face_318_295_19.png,1
.\\animeface-character-dataset\\thumb\\001_kinomoto_sakura\\face_322_151_29.png,1
.\\animeface-character-dataset\\thumb\\001_kinomoto_sakura\\face_322_208_86.png,1
.\\animeface-character-dataset\\thumb\\001_kinomoto_sakura\\face_322_208_151.png,1
.\\animeface-character-dataset\\thumb\\001_kinomoto_sakura\\face_323_249_125.png,1
.\\animeface-character-dataset\\thumb\\001_kinomoto_sakura\\face_325_397_65.png,1
.\\animeface-character-dataset\\thumb\\001_kinomoto_sakura\\face_329_184_98.png,1
.\\animeface-character-dataset\\thumb\\001_kinomoto_sakura\\face_329_395_46.png,1
.\\animeface-character-dataset\\thumb\\001_kinomoto_sakura\\face_332_270_31.png,1
.\\animeface-character-dataset\\thumb\\001_kinomoto_sakura\\face_341_227_144.png,1
.\\animeface-character-dataset\\thumb\\001_kinomoto_sakura\\face_341_242_8.png,1
.\\animeface-character-dataset\\thumb\\001_kinomoto_sakura\\face_341_253_146.png,1
.\\animeface-character-dataset\\thumb\\001_kinomoto_sakura\\face_346_173_138.png,1
.\\animeface-character-dataset\\thumb\\001_kinomoto_sakura\\face_346_294_57.png,1
.\\animeface-character-dataset\\thumb\\001_kinomoto_sakura\\face_348_348_12.png,1
.\\animeface-character-dataset\\thumb\\001_kinomoto_sakura\\face_359_237_1.png,1
.\\animeface-character-dataset\\thumb\\001_kinomoto_sakura\\face_359_237_80.png,1
.\\animeface-character-dataset\\thumb\\001_kinomoto_sakura\\face_360_227_24.png,1
.\\animeface-character-dataset\\thumb\\001_kinomoto_sakura\\face_363_207_83.png,1
.\\animeface-character-dataset\\thumb\\001_kinomoto_sakura\\face_363_207_102.png,1
.\\animeface-character-dataset\\thumb\\001_kinomoto_sakura\\face_373_224_112.png,1
.\\animeface-character-dataset\\thumb\\001_kinomoto_sakura\\face_373_224_124.png,1
.\\animeface-character-dataset\\thumb\\001_kinomoto_sakura\\face_382_171_6.png,1
.\\animeface-character-dataset\\thumb\\001_kinomoto_sakura\\face_385_180_23.png,1
.\\animeface-character-dataset\\thumb\\001_kinomoto_sakura\\face_385_180_81.png,1
.\\animeface-character-dataset\\thumb\\001_kinomoto_sakura\\face_388_179_45.png,1
.\\animeface-character-dataset\\thumb\\001_kinomoto_sakura\\face_388_209_39.png,1
.\\animeface-character-dataset\\thumb\\001_kinomoto_sakura\\face_388_209_105.png,1
.\\animeface-character-dataset\\thumb\\001_kinomoto_sakura\\face_394_513_26.png,1
.\\animeface-character-dataset\\thumb\\001_kinomoto_sakura\\face_395_411_79.png,1
.\\animeface-character-dataset\\thumb\\001_kinomoto_sakura\\face_396_319_135.png,1
.\\animeface-character-dataset\\thumb\\001_kinomoto_sakura\\face_409_181_118.png,1
.\\animeface-character-dataset\\thumb\\001_kinomoto_sakura\\face_409_181_145.png,1
.\\animeface-character-dataset\\thumb\\001_kinomoto_sakura\\face_422_316_84.png,1
.\\animeface-character-dataset\\thumb\\001_kinomoto_sakura\\face_425_228_119.png,1
.\\animeface-character-dataset\\thumb\\001_kinomoto_sakura\\face_425_261_48.png,1
.\\animeface-character-dataset\\thumb\\001_kinomoto_sakura\\face_447_216_25.png,1
.\\animeface-character-dataset\\thumb\\001_kinomoto_sakura\\face_455_246_129.png,1
.\\animeface-character-dataset\\thumb\\001_kinomoto_sakura\\face_467_155_68.png,1
.\\animeface-character-dataset\\thumb\\001_kinomoto_sakura\\face_477_204_56.png,1
.\\animeface-character-dataset\\thumb\\001_kinomoto_sakura\\face_477_204_87.png,1
.\\animeface-character-dataset\\thumb\\001_kinomoto_sakura\\face_477_249_106.png,1
.\\animeface-character-dataset\\thumb\\001_kinomoto_sakura\\face_486_275_137.png,1
.\\animeface-character-dataset\\thumb\\001_kinomoto_sakura\\face_554_240_41.png,1
.\\animeface-character-dataset\\thumb\\001_kinomoto_sakura\\face_554_240_140.png,1
.\\animeface-character-dataset\\thumb\\001_kinomoto_sakura\\face_614_204_36.png,1
.\\animeface-character-dataset\\thumb\\001_kinomoto_sakura\\face_614_204_133.png,1
.\\animeface-character-dataset\\thumb\\001_kinomoto_sakura\\face_621_196_126.png,1
.\\animeface-character-dataset\\thumb\\001_kinomoto_sakura\\face_635_288_37.png,1
.\\animeface-character-dataset\\thumb\\001_kinomoto_sakura\\face_635_288_63.png,1
.\\animeface-character-dataset\\thumb\\001_kinomoto_sakura\\face_726_341_2.png,1
.\\animeface-character-dataset\\thumb\\001_kinomoto_sakura\\face_759_142_30.png,1
.\\animeface-character-dataset\\thumb\\001_kinomoto_sakura\\face_759_142_66.png,1
.\\animeface-character-dataset\\thumb\\001_kinomoto_sakura\\face_887_181_71.png,1
.\\animeface-character-dataset\\thumb\\001_kinomoto_sakura\\face_887_181_127.png,1
.\\animeface-character-dataset\\thumb\\001_kinomoto_sakura\\face_897_197_58.png,1
.\\animeface-character-dataset\\thumb\\001_kinomoto_sakura\\face_897_197_95.png,1
.\\animeface-character-dataset\\thumb\\001_kinomoto_sakura\\face_934_186_69.png,1
.\\animeface-character-dataset\\thumb\\001_kinomoto_sakura\\face_934_186_113.png,1
.\\animeface-character-dataset\\thumb\\001_kinomoto_sakura\\face_949_205_76.png,1
.\\animeface-character-dataset\\thumb\\001_kinomoto_sakura\\face_949_205_110.png,1
.\\animeface-character-dataset\\thumb\\001_kinomoto_sakura\\face_953_173_0.png,1
.\\animeface-character-dataset\\thumb\\001_kinomoto_sakura\\face_953_173_156.png,1
.\\animeface-character-dataset\\thumb\\002_suzumiya_haruhi\\face_65_163_8.png,2
.\\animeface-character-dataset\\thumb\\002_suzumiya_haruhi\\face_74_74_144.png,2
.\\animeface-character-dataset\\thumb\\002_suzumiya_haruhi\\face_75_170_148.png,2
.\\animeface-character-dataset\\thumb\\002_suzumiya_haruhi\\face_94_322_11.png,2
.\\animeface-character-dataset\\thumb\\002_suzumiya_haruhi\\face_98_196_23.png,2
.\\animeface-character-dataset\\thumb\\002_suzumiya_haruhi\\face_98_228_72.png,2
.\\animeface-character-dataset\\thumb\\002_suzumiya_haruhi\\face_102_205_41.png,2
.\\animeface-character-dataset\\thumb\\002_suzumiya_haruhi\\face_110_363_27.png,2
.\\animeface-character-dataset\\thumb\\002_suzumiya_haruhi\\face_113_90_20.png,2
.\\animeface-character-dataset\\thumb\\002_suzumiya_haruhi\\face_113_474_31.png,2
.\\animeface-character-dataset\\thumb\\002_suzumiya_haruhi\\face_120_170_140.png,2
.\\animeface-character-dataset\\thumb\\002_suzumiya_haruhi\\face_121_429_45.png,2
.\\animeface-character-dataset\\thumb\\002_suzumiya_haruhi\\face_135_337_133.png,2
.\\animeface-character-dataset\\thumb\\002_suzumiya_haruhi\\face_143_107_153.png,2
.\\animeface-character-dataset\\thumb\\002_suzumiya_haruhi\\face_163_359_117.png,2
.\\animeface-character-dataset\\thumb\\002_suzumiya_haruhi\\face_168_120_0.png,2
.\\animeface-character-dataset\\thumb\\002_suzumiya_haruhi\\face_170_189_141.png,2
.\\animeface-character-dataset\\thumb\\002_suzumiya_haruhi\\face_171_145_107.png,2
.\\animeface-character-dataset\\thumb\\002_suzumiya_haruhi\\face_174_158_43.png,2
.\\animeface-character-dataset\\thumb\\002_suzumiya_haruhi\\face_186_290_36.png,2
.\\animeface-character-dataset\\thumb\\002_suzumiya_haruhi\\face_187_115_34.png,2
.\\animeface-character-dataset\\thumb\\002_suzumiya_haruhi\\face_189_110_83.png,2
.\\animeface-character-dataset\\thumb\\002_suzumiya_haruhi\\face_189_170_76.png,2
.\\animeface-character-dataset\\thumb\\002_suzumiya_haruhi\\face_189_237_3.png,2
.\\animeface-character-dataset\\thumb\\002_suzumiya_haruhi\\face_199_199_94.png,2
.\\animeface-character-dataset\\thumb\\002_suzumiya_haruhi\\face_199_199_118.png,2
.\\animeface-character-dataset\\thumb\\002_suzumiya_haruhi\\face_214_214_73.png,2
.\\animeface-character-dataset\\thumb\\002_suzumiya_haruhi\\face_214_257_18.png,2
.\\animeface-character-dataset\\thumb\\002_suzumiya_haruhi\\face_225_86_159.png,2
.\\animeface-character-dataset\\thumb\\002_suzumiya_haruhi\\face_225_294_17.png,2
.\\animeface-character-dataset\\thumb\\002_suzumiya_haruhi\\face_235_188_131.png,2
.\\animeface-character-dataset\\thumb\\002_suzumiya_haruhi\\face_237_158_105.png,2
.\\animeface-character-dataset\\thumb\\002_suzumiya_haruhi\\face_249_149_57.png,2
.\\animeface-character-dataset\\thumb\\002_suzumiya_haruhi\\face_250_250_152.png,2
.\\animeface-character-dataset\\thumb\\002_suzumiya_haruhi\\face_250_537_12.png,2
.\\animeface-character-dataset\\thumb\\002_suzumiya_haruhi\\face_250_568_140.png,2
.\\animeface-character-dataset\\thumb\\002_suzumiya_haruhi\\face_261_555_88.png,2
.\\animeface-character-dataset\\thumb\\002_suzumiya_haruhi\\face_263_184_81.png,2
.\\animeface-character-dataset\\thumb\\002_suzumiya_haruhi\\face_268_119_157.png,2
.\\animeface-character-dataset\\thumb\\002_suzumiya_haruhi\\face_270_202_33.png,2
.\\animeface-character-dataset\\thumb\\002_suzumiya_haruhi\\face_272_159_147.png,2
.\\animeface-character-dataset\\thumb\\002_suzumiya_haruhi\\face_272_181_7.png,2
.\\animeface-character-dataset\\thumb\\002_suzumiya_haruhi\\face_272_190_4.png,2
.\\animeface-character-dataset\\thumb\\002_suzumiya_haruhi\\face_272_250_42.png,2
.\\animeface-character-dataset\\thumb\\002_suzumiya_haruhi\\face_273_149_155.png,2
.\\animeface-character-dataset\\thumb\\002_suzumiya_haruhi\\face_284_126_35.png,2
.\\animeface-character-dataset\\thumb\\002_suzumiya_haruhi\\face_284_284_1.png,2
.\\animeface-character-dataset\\thumb\\002_suzumiya_haruhi\\face_284_284_51.png,2
.\\animeface-character-dataset\\thumb\\002_suzumiya_haruhi\\face_294_326_52.png,2
.\\animeface-character-dataset\\thumb\\002_suzumiya_haruhi\\face_298_119_75.png,2
.\\animeface-character-dataset\\thumb\\002_suzumiya_haruhi\\face_300_79_104.png,2
.\\animeface-character-dataset\\thumb\\002_suzumiya_haruhi\\face_303_170_78.png,2
.\\animeface-character-dataset\\thumb\\002_suzumiya_haruhi\\face_318_136_158.png,2
.\\animeface-character-dataset\\thumb\\002_suzumiya_haruhi\\face_326_163_138.png,2
.\\animeface-character-dataset\\thumb\\002_suzumiya_haruhi\\face_328_268_25.png,2
.\\animeface-character-dataset\\thumb\\002_suzumiya_haruhi\\face_329_79_30.png,2
.\\animeface-character-dataset\\thumb\\002_suzumiya_haruhi\\face_359_196_145.png,2
.\\animeface-character-dataset\\thumb\\002_suzumiya_haruhi\\face_363_159_15.png,2
.\\animeface-character-dataset\\thumb\\002_suzumiya_haruhi\\face_379_227_64.png,2
.\\animeface-character-dataset\\thumb\\002_suzumiya_haruhi\\face_381_552_130.png,2
.\\animeface-character-dataset\\thumb\\002_suzumiya_haruhi\\face_385_357_129.png,2
.\\animeface-character-dataset\\thumb\\002_suzumiya_haruhi\\face_386_204_90.png,2
.\\animeface-character-dataset\\thumb\\002_suzumiya_haruhi\\face_386_429_134.png,2
.\\animeface-character-dataset\\thumb\\002_suzumiya_haruhi\\face_390_606_137.png,2
.\\animeface-character-dataset\\thumb\\002_suzumiya_haruhi\\face_429_171_48.png,2
.\\animeface-character-dataset\\thumb\\002_suzumiya_haruhi\\face_450_169_50.png,2
.\\animeface-character-dataset\\thumb\\002_suzumiya_haruhi\\face_455_644_66.png,2
.\\animeface-character-dataset\\thumb\\002_suzumiya_haruhi\\face_461_409_111.png,2
.\\animeface-character-dataset\\thumb\\002_suzumiya_haruhi\\face_463_299_150.png,2
.\\animeface-character-dataset\\thumb\\002_suzumiya_haruhi\\face_474_593_46.png,2
.\\animeface-character-dataset\\thumb\\002_suzumiya_haruhi\\face_477_250_26.png,2
.\\animeface-character-dataset\\thumb\\002_suzumiya_haruhi\\face_477_250_91.png,2
.\\animeface-character-dataset\\thumb\\002_suzumiya_haruhi\\face_498_199_63.png,2
.\\animeface-character-dataset\\thumb\\002_suzumiya_haruhi\\face_498_199_86.png,2
.\\animeface-character-dataset\\thumb\\002_suzumiya_haruhi\\face_507_827_17.png,2
.\\animeface-character-dataset\\thumb\\002_suzumiya_haruhi\\face_519_145_62.png,2
.\\animeface-character-dataset\\thumb\\002_suzumiya_haruhi\\face_591_159_59.png,2
.\\animeface-character-dataset\\thumb\\002_suzumiya_haruhi\\face_592_202_19.png,2
.\\animeface-character-dataset\\thumb\\002_suzumiya_haruhi\\face_592_202_24.png,2
.\\animeface-character-dataset\\thumb\\002_suzumiya_haruhi\\face_592_202_102.png,2
.\\animeface-character-dataset\\thumb\\002_suzumiya_haruhi\\face_606_379_96.png,2
.\\animeface-character-dataset\\thumb\\002_suzumiya_haruhi\\face_612_221_69.png,2
.\\animeface-character-dataset\\thumb\\002_suzumiya_haruhi\\face_614_159_65.png,2
.\\animeface-character-dataset\\thumb\\002_suzumiya_haruhi\\face_627_245_135.png,2
.\\animeface-character-dataset\\thumb\\002_suzumiya_haruhi\\face_710_814_106.png,2
.\\animeface-character-dataset\\thumb\\002_suzumiya_haruhi\\face_726_332_120.png,2
.\\animeface-character-dataset\\thumb\\002_suzumiya_haruhi\\face_746_179_5.png,2
.\\animeface-character-dataset\\thumb\\002_suzumiya_haruhi\\face_772_99_127.png,2
.\\animeface-character-dataset\\thumb\\002_suzumiya_haruhi\\face_772_99_154.png,2
.\\animeface-character-dataset\\thumb\\002_suzumiya_haruhi\\face_784_261_41.png,2
.\\animeface-character-dataset\\thumb\\002_suzumiya_haruhi\\face_815_214_38.png,2
.\\animeface-character-dataset\\thumb\\002_suzumiya_haruhi\\face_837_780_136.png,2
.\\animeface-character-dataset\\thumb\\002_suzumiya_haruhi\\face_870_118_53.png,2
.\\animeface-character-dataset\\thumb\\002_suzumiya_haruhi\\face_883_86_156.png,2
.\\animeface-character-dataset\\thumb\\002_suzumiya_haruhi\\face_944_171_47.png,2
.\\animeface-character-dataset\\thumb\\002_suzumiya_haruhi\\face_944_171_92.png,2
.\\animeface-character-dataset\\thumb\\002_suzumiya_haruhi\\face_944_171_132.png,2
.\\animeface-character-dataset\\thumb\\002_suzumiya_haruhi\\face_945_192_143.png,2
.\\animeface-character-dataset\\thumb\\002_suzumiya_haruhi\\face_1000_266_119.png,2
.\\animeface-character-dataset\\thumb\\002_suzumiya_haruhi\\face_1017_456_40.png,2
.\\animeface-character-dataset\\thumb\\002_suzumiya_haruhi\\face_1091_113_146.png,2
.\\animeface-character-dataset\\thumb\\002_suzumiya_haruhi\\face_1157_189_16.png,2
.\\animeface-character-dataset\\thumb\\003_fate_testarossa\\face_59_268_39.png,3
.\\animeface-character-dataset\\thumb\\003_fate_testarossa\\face_90_295_17.png,3
.\\animeface-character-dataset\\thumb\\003_fate_testarossa\\face_94_113_139.png,3
.\\animeface-character-dataset\\thumb\\003_fate_testarossa\\face_100_190_3.png,3
.\\animeface-character-dataset\\thumb\\003_fate_testarossa\\face_110_94_112.png,3
.\\animeface-character-dataset\\thumb\\003_fate_testarossa\\face_118_224_82.png,3
.\\animeface-character-dataset\\thumb\\003_fate_testarossa\\face_127_255_119.png,3
.\\animeface-character-dataset\\thumb\\003_fate_testarossa\\face_136_136_104.png,3
.\\animeface-character-dataset\\thumb\\003_fate_testarossa\\face_142_174_125.png,3
.\\animeface-character-dataset\\thumb\\003_fate_testarossa\\face_150_341_28.png,3
.\\animeface-character-dataset\\thumb\\003_fate_testarossa\\face_151_132_76.png,3
.\\animeface-character-dataset\\thumb\\003_fate_testarossa\\face_151_189_30.png,3
.\\animeface-character-dataset\\thumb\\003_fate_testarossa\\face_156_137_142.png,3
.\\animeface-character-dataset\\thumb\\003_fate_testarossa\\face_158_567_41.png,3
.\\animeface-character-dataset\\thumb\\003_fate_testarossa\\face_159_204_45.png,3
.\\animeface-character-dataset\\thumb\\003_fate_testarossa\\face_163_490_51.png,3
.\\animeface-character-dataset\\thumb\\003_fate_testarossa\\face_174_224_14.png,3
.\\animeface-character-dataset\\thumb\\003_fate_testarossa\\face_187_86_49.png,3
.\\animeface-character-dataset\\thumb\\003_fate_testarossa\\face_188_282_48.png,3
.\\animeface-character-dataset\\thumb\\003_fate_testarossa\\face_189_126_47.png,3
.\\animeface-character-dataset\\thumb\\003_fate_testarossa\\face_189_132_103.png,3
.\\animeface-character-dataset\\thumb\\003_fate_testarossa\\face_198_319_53.png,3
.\\animeface-character-dataset\\thumb\\003_fate_testarossa\\face_204_204_117.png,3
.\\animeface-character-dataset\\thumb\\003_fate_testarossa\\face_207_228_40.png,3
.\\animeface-character-dataset\\thumb\\003_fate_testarossa\\face_208_189_110.png,3
.\\animeface-character-dataset\\thumb\\003_fate_testarossa\\face_211_211_43.png,3
.\\animeface-character-dataset\\thumb\\003_fate_testarossa\\face_211_303_69.png,3
.\\animeface-character-dataset\\thumb\\003_fate_testarossa\\face_214_420_112.png,3
.\\animeface-character-dataset\\thumb\\003_fate_testarossa\\face_228_96_11.png,3
.\\animeface-character-dataset\\thumb\\003_fate_testarossa\\face_228_96_102.png,3
.\\animeface-character-dataset\\thumb\\003_fate_testarossa\\face_242_242_27.png,3
.\\animeface-character-dataset\\thumb\\003_fate_testarossa\\face_245_231_71.png,3
.\\animeface-character-dataset\\thumb\\003_fate_testarossa\\face_246_94_15.png,3
.\\animeface-character-dataset\\thumb\\003_fate_testarossa\\face_249_149_92.png,3
.\\animeface-character-dataset\\thumb\\003_fate_testarossa\\face_250_136_31.png,3
.\\animeface-character-dataset\\thumb\\003_fate_testarossa\\face_250_159_158.png,3
.\\animeface-character-dataset\\thumb\\003_fate_testarossa\\face_257_257_145.png,3
.\\animeface-character-dataset\\thumb\\003_fate_testarossa\\face_265_132_53.png,3
.\\animeface-character-dataset\\thumb\\003_fate_testarossa\\face_265_170_156.png,3
.\\animeface-character-dataset\\thumb\\003_fate_testarossa\\face_268_149_61.png,3
.\\animeface-character-dataset\\thumb\\003_fate_testarossa\\face_270_124_94.png,3
.\\animeface-character-dataset\\thumb\\003_fate_testarossa\\face_270_124_153.png,3
.\\animeface-character-dataset\\thumb\\003_fate_testarossa\\face_273_124_57.png,3
.\\animeface-character-dataset\\thumb\\003_fate_testarossa\\face_273_149_13.png,3
.\\animeface-character-dataset\\thumb\\003_fate_testarossa\\face_277_118_113.png,3
.\\animeface-character-dataset\\thumb\\003_fate_testarossa\\face_284_201_66.png,3
.\\animeface-character-dataset\\thumb\\003_fate_testarossa\\face_298_119_52.png,3
.\\animeface-character-dataset\\thumb\\003_fate_testarossa\\face_326_130_54.png,3
.\\animeface-character-dataset\\thumb\\003_fate_testarossa\\face_327_81_67.png,3
.\\animeface-character-dataset\\thumb\\003_fate_testarossa\\face_332_231_37.png,3
.\\animeface-character-dataset\\thumb\\003_fate_testarossa\\face_343_131_126.png,3
.\\animeface-character-dataset\\thumb\\003_fate_testarossa\\face_348_458_158.png,3
.\\animeface-character-dataset\\thumb\\003_fate_testarossa\\face_358_507_120.png,3
.\\animeface-character-dataset\\thumb\\003_fate_testarossa\\face_361_156_91.png,3
.\\animeface-character-dataset\\thumb\\003_fate_testarossa\\face_379_322_86.png,3
.\\animeface-character-dataset\\thumb\\003_fate_testarossa\\face_409_159_154.png,3
.\\animeface-character-dataset\\thumb\\003_fate_testarossa\\face_415_485_124.png,3
.\\animeface-character-dataset\\thumb\\003_fate_testarossa\\face_418_86_21.png,3
.\\animeface-character-dataset\\thumb\\003_fate_testarossa\\face_433_72_74.png,3
.\\animeface-character-dataset\\thumb\\003_fate_testarossa\\face_436_228_140.png,3
.\\animeface-character-dataset\\thumb\\003_fate_testarossa\\face_436_540_115.png,3
.\\animeface-character-dataset\\thumb\\003_fate_testarossa\\face_440_352_149.png,3
.\\animeface-character-dataset\\thumb\\003_fate_testarossa\\face_458_91_39.png,3
.\\animeface-character-dataset\\thumb\\003_fate_testarossa\\face_462_432_7.png,3
.\\animeface-character-dataset\\thumb\\003_fate_testarossa\\face_477_229_159.png,3
.\\animeface-character-dataset\\thumb\\003_fate_testarossa\\face_494_108_79.png,3
.\\animeface-character-dataset\\thumb\\003_fate_testarossa\\face_497_122_139.png,3
.\\animeface-character-dataset\\thumb\\003_fate_testarossa\\face_510_90_112.png,3
.\\animeface-character-dataset\\thumb\\003_fate_testarossa\\face_597_267_78.png,3
.\\animeface-character-dataset\\thumb\\003_fate_testarossa\\face_597_267_81.png,3
.\\animeface-character-dataset\\thumb\\003_fate_testarossa\\face_623_381_127.png,3
.\\animeface-character-dataset\\thumb\\003_fate_testarossa\\face_815_128_73.png,3
.\\animeface-character-dataset\\thumb\\003_fate_testarossa\\face_838_332_29.png,3
.\\animeface-character-dataset\\thumb\\003_fate_testarossa\\face_872_322_64.png,3
.\\animeface-character-dataset\\thumb\\003_fate_testarossa\\face_883_173_9.png,3
.\\animeface-character-dataset\\thumb\\003_fate_testarossa\\face_925_89_90.png,3
.\\animeface-character-dataset\\thumb\\003_fate_testarossa\\face_939_158_147.png,3
.\\animeface-character-dataset\\thumb\\003_fate_testarossa\\face_982_187_152.png,3
.\\animeface-character-dataset\\thumb\\003_fate_testarossa\\face_1054_346_56.png,3
.\\animeface-character-dataset\\thumb\\003_fate_testarossa\\face_1063_163_85.png,3
.\\animeface-character-dataset\\thumb\\003_fate_testarossa\\face_1114_227_138.png,3
.\\animeface-character-dataset\\thumb\\004_takamachi_nanoha\\face_45_136_77.png,4
.\\animeface-character-dataset\\thumb\\004_takamachi_nanoha\\face_68_477_123.png,4
.\\animeface-character-dataset\\thumb\\004_takamachi_nanoha\\face_75_151_82.png,4
.\\animeface-character-dataset\\thumb\\004_takamachi_nanoha\\face_90_500_104.png,4
.\\animeface-character-dataset\\thumb\\004_takamachi_nanoha\\face_96_96_72.png,4
.\\animeface-character-dataset\\thumb\\004_takamachi_nanoha\\face_98_294_151.png,4
.\\animeface-character-dataset\\thumb\\004_takamachi_nanoha\\face_99_149_148.png,4
.\\animeface-character-dataset\\thumb\\004_takamachi_nanoha\\face_99_448_159.png,4
.\\animeface-character-dataset\\thumb\\004_takamachi_nanoha\\face_99_520_103.png,4
.\\animeface-character-dataset\\thumb\\004_takamachi_nanoha\\face_110_143_108.png,4
.\\animeface-character-dataset\\thumb\\004_takamachi_nanoha\\face_110_183_85.png,4
.\\animeface-character-dataset\\thumb\\004_takamachi_nanoha\\face_120_180_99.png,4
.\\animeface-character-dataset\\thumb\\004_takamachi_nanoha\\face_120_462_129.png,4
.\\animeface-character-dataset\\thumb\\004_takamachi_nanoha\\face_126_205_93.png,4
.\\animeface-character-dataset\\thumb\\004_takamachi_nanoha\\face_132_360_111.png,4
.\\animeface-character-dataset\\thumb\\004_takamachi_nanoha\\face_136_136_124.png,4
.\\animeface-character-dataset\\thumb\\004_takamachi_nanoha\\face_140_180_133.png,4
.\\animeface-character-dataset\\thumb\\004_takamachi_nanoha\\face_145_103_39.png,4
.\\animeface-character-dataset\\thumb\\004_takamachi_nanoha\\face_151_227_155.png,4
.\\animeface-character-dataset\\thumb\\004_takamachi_nanoha\\face_158_361_50.png,4
.\\animeface-character-dataset\\thumb\\004_takamachi_nanoha\\face_158_369_149.png,4
.\\animeface-character-dataset\\thumb\\004_takamachi_nanoha\\face_170_189_23.png,4
.\\animeface-character-dataset\\thumb\\004_takamachi_nanoha\\face_174_249_44.png,4
.\\animeface-character-dataset\\thumb\\004_takamachi_nanoha\\face_191_612_24.png,4
.\\animeface-character-dataset\\thumb\\004_takamachi_nanoha\\face_198_121_46.png,4
.\\animeface-character-dataset\\thumb\\004_takamachi_nanoha\\face_198_588_100.png,4
.\\animeface-character-dataset\\thumb\\004_takamachi_nanoha\\face_205_427_95.png,4
.\\animeface-character-dataset\\thumb\\004_takamachi_nanoha\\face_207_173_154.png,4
.\\animeface-character-dataset\\thumb\\004_takamachi_nanoha\\face_208_170_0.png,4
.\\animeface-character-dataset\\thumb\\004_takamachi_nanoha\\face_208_265_69.png,4
.\\animeface-character-dataset\\thumb\\004_takamachi_nanoha\\face_209_77_140.png,4
.\\animeface-character-dataset\\thumb\\004_takamachi_nanoha\\face_216_289_158.png,4
.\\animeface-character-dataset\\thumb\\004_takamachi_nanoha\\face_218_218_127.png,4
.\\animeface-character-dataset\\thumb\\004_takamachi_nanoha\\face_220_308_42.png,4
.\\animeface-character-dataset\\thumb\\004_takamachi_nanoha\\face_221_251_135.png,4
.\\animeface-character-dataset\\thumb\\004_takamachi_nanoha\\face_224_74_12.png,4
.\\animeface-character-dataset\\thumb\\004_takamachi_nanoha\\face_224_184_91.png,4
.\\animeface-character-dataset\\thumb\\004_takamachi_nanoha\\face_238_312_130.png,4
.\\animeface-character-dataset\\thumb\\004_takamachi_nanoha\\face_246_94_19.png,4
.\\animeface-character-dataset\\thumb\\004_takamachi_nanoha\\face_246_94_27.png,4
.\\animeface-character-dataset\\thumb\\004_takamachi_nanoha\\face_246_94_76.png,4
.\\animeface-character-dataset\\thumb\\004_takamachi_nanoha\\face_250_113_83.png,4
.\\animeface-character-dataset\\thumb\\004_takamachi_nanoha\\face_252_405_73.png,4
.\\animeface-character-dataset\\thumb\\004_takamachi_nanoha\\face_261_98_48.png,4
.\\animeface-character-dataset\\thumb\\004_takamachi_nanoha\\face_265_151_139.png,4
.\\animeface-character-dataset\\thumb\\004_takamachi_nanoha\\face_265_170_35.png,4
.\\animeface-character-dataset\\thumb\\004_takamachi_nanoha\\face_272_136_53.png,4
.\\animeface-character-dataset\\thumb\\004_takamachi_nanoha\\face_272_190_36.png,4
.\\animeface-character-dataset\\thumb\\004_takamachi_nanoha\\face_273_273_51.png,4
.\\animeface-character-dataset\\thumb\\004_takamachi_nanoha\\face_274_202_81.png,4
.\\animeface-character-dataset\\thumb\\004_takamachi_nanoha\\face_274_274_125.png,4
.\\animeface-character-dataset\\thumb\\004_takamachi_nanoha\\face_277_105_1.png,4
.\\animeface-character-dataset\\thumb\\004_takamachi_nanoha\\face_281_482_11.png,4
.\\animeface-character-dataset\\thumb\\004_takamachi_nanoha\\face_284_632_30.png,4
.\\animeface-character-dataset\\thumb\\004_takamachi_nanoha\\face_300_189_40.png,4
.\\animeface-character-dataset\\thumb\\004_takamachi_nanoha\\face_301_216_5.png,4
.\\animeface-character-dataset\\thumb\\004_takamachi_nanoha\\face_303_132_146.png,4
.\\animeface-character-dataset\\thumb\\004_takamachi_nanoha\\face_316_79_58.png,4
.\\animeface-character-dataset\\thumb\\004_takamachi_nanoha\\face_317_72_74.png,4
.\\animeface-character-dataset\\thumb\\004_takamachi_nanoha\\face_317_72_80.png,4
.\\animeface-character-dataset\\thumb\\004_takamachi_nanoha\\face_322_286_70.png,4
.\\animeface-character-dataset\\thumb\\004_takamachi_nanoha\\face_332_346_120.png,4
.\\animeface-character-dataset\\thumb\\004_takamachi_nanoha\\face_335_150_144.png,4
.\\animeface-character-dataset\\thumb\\004_takamachi_nanoha\\face_337_144_142.png,4
.\\animeface-character-dataset\\thumb\\004_takamachi_nanoha\\face_346_207_102.png,4
.\\animeface-character-dataset\\thumb\\004_takamachi_nanoha\\face_354_163_3.png,4
.\\animeface-character-dataset\\thumb\\004_takamachi_nanoha\\face_354_163_134.png,4
.\\animeface-character-dataset\\thumb\\004_takamachi_nanoha\\face_363_159_63.png,4
.\\animeface-character-dataset\\thumb\\004_takamachi_nanoha\\face_373_332_103.png,4
.\\animeface-character-dataset\\thumb\\004_takamachi_nanoha\\face_379_158_14.png,4
.\\animeface-character-dataset\\thumb\\004_takamachi_nanoha\\face_379_588_56.png,4
.\\animeface-character-dataset\\thumb\\004_takamachi_nanoha\\face_381_150_153.png,4
.\\animeface-character-dataset\\thumb\\004_takamachi_nanoha\\face_382_184_43.png,4
.\\animeface-character-dataset\\thumb\\004_takamachi_nanoha\\face_385_150_130.png,4
.\\animeface-character-dataset\\thumb\\004_takamachi_nanoha\\face_386_136_16.png,4
.\\animeface-character-dataset\\thumb\\004_takamachi_nanoha\\face_386_159_6.png,4
.\\animeface-character-dataset\\thumb\\004_takamachi_nanoha\\face_394_124_73.png,4
.\\animeface-character-dataset\\thumb\\004_takamachi_nanoha\\face_398_151_17.png,4
.\\animeface-character-dataset\\thumb\\004_takamachi_nanoha\\face_405_130_129.png,4
.\\animeface-character-dataset\\thumb\\004_takamachi_nanoha\\face_409_144_121.png,4
.\\animeface-character-dataset\\thumb\\004_takamachi_nanoha\\face_415_86_49.png,4
.\\animeface-character-dataset\\thumb\\004_takamachi_nanoha\\face_418_187_132.png,4
.\\animeface-character-dataset\\thumb\\004_takamachi_nanoha\\face_427_174_114.png,4
.\\animeface-character-dataset\\thumb\\004_takamachi_nanoha\\face_432_60_25.png,4
.\\animeface-character-dataset\\thumb\\004_takamachi_nanoha\\face_432_140_61.png,4
.\\animeface-character-dataset\\thumb\\004_takamachi_nanoha\\face_432_159_79.png,4
.\\animeface-character-dataset\\thumb\\004_takamachi_nanoha\\face_433_90_103.png,4
.\\animeface-character-dataset\\thumb\\004_takamachi_nanoha\\face_436_353_129.png,4
.\\animeface-character-dataset\\thumb\\004_takamachi_nanoha\\face_442_180_85.png,4
.\\animeface-character-dataset\\thumb\\004_takamachi_nanoha\\face_461_435_47.png,4
.\\animeface-character-dataset\\thumb\\004_takamachi_nanoha\\face_461_461_9.png,4
.\\animeface-character-dataset\\thumb\\004_takamachi_nanoha\\face_462_401_96.png,4
.\\animeface-character-dataset\\thumb\\004_takamachi_nanoha\\face_466_122_159.png,4
.\\animeface-character-dataset\\thumb\\004_takamachi_nanoha\\face_474_501_45.png,4
.\\animeface-character-dataset\\thumb\\004_takamachi_nanoha\\face_518_518_15.png,4
.\\animeface-character-dataset\\thumb\\004_takamachi_nanoha\\face_518_572_68.png,4
.\\animeface-character-dataset\\thumb\\004_takamachi_nanoha\\face_547_522_152.png,4
.\\animeface-character-dataset\\thumb\\004_takamachi_nanoha\\face_773_250_64.png,4
.\\animeface-character-dataset\\thumb\\004_takamachi_nanoha\\face_872_170_34.png,4
.\\animeface-character-dataset\\thumb\\004_takamachi_nanoha\\face_910_189_105.png,4
.\\animeface-character-dataset\\thumb\\004_takamachi_nanoha\\face_934_394_116.png,4
.\\animeface-character-dataset\\thumb\\004_takamachi_nanoha\\face_939_156_128.png,4
.\\animeface-character-dataset\\thumb\\004_takamachi_nanoha\\face_944_190_52.png,4
.\\animeface-character-dataset\\thumb\\004_takamachi_nanoha\\face_946_174_157.png,4
.\\animeface-character-dataset\\thumb\\004_takamachi_nanoha\\face_980_158_110.png,4
.\\animeface-character-dataset\\thumb\\004_takamachi_nanoha\\face_996_158_55.png,4
.\\animeface-character-dataset\\thumb\\004_takamachi_nanoha\\face_1025_202_65.png,4
.\\animeface-character-dataset\\thumb\\004_takamachi_nanoha\\face_1232_413_28.png,4
.\\animeface-character-dataset\\thumb\\005_lelouch_lamperouge\\face_63_332_100.png,5
.\\animeface-character-dataset\\thumb\\005_lelouch_lamperouge\\face_72_130_62.png,5
.\\animeface-character-dataset\\thumb\\005_lelouch_lamperouge\\face_124_74_20.png,5
.\\animeface-character-dataset\\thumb\\005_lelouch_lamperouge\\face_128_171_152.png,5
.\\animeface-character-dataset\\thumb\\005_lelouch_lamperouge\\face_132_246_54.png,5
.\\animeface-character-dataset\\thumb\\005_lelouch_lamperouge\\face_144_115_65.png,5
.\\animeface-character-dataset\\thumb\\005_lelouch_lamperouge\\face_145_249_6.png,5
.\\animeface-character-dataset\\thumb\\005_lelouch_lamperouge\\face_145_581_60.png,5
.\\animeface-character-dataset\\thumb\\005_lelouch_lamperouge\\face_170_151_77.png,5
.\\animeface-character-dataset\\thumb\\005_lelouch_lamperouge\\face_170_151_145.png,5
.\\animeface-character-dataset\\thumb\\005_lelouch_lamperouge\\face_174_199_71.png,5
.\\animeface-character-dataset\\thumb\\005_lelouch_lamperouge\\face_190_138_28.png,5
.\\animeface-character-dataset\\thumb\\005_lelouch_lamperouge\\face_227_132_29.png,5
.\\animeface-character-dataset\\thumb\\005_lelouch_lamperouge\\face_235_313_82.png,5
.\\animeface-character-dataset\\thumb\\005_lelouch_lamperouge\\face_235_313_159.png,5
.\\animeface-character-dataset\\thumb\\005_lelouch_lamperouge\\face_246_246_109.png,5
.\\animeface-character-dataset\\thumb\\005_lelouch_lamperouge\\face_246_284_15.png,5
.\\animeface-character-dataset\\thumb\\005_lelouch_lamperouge\\face_249_186_21.png,5
.\\animeface-character-dataset\\thumb\\005_lelouch_lamperouge\\face_253_94_88.png,5
.\\animeface-character-dataset\\thumb\\005_lelouch_lamperouge\\face_265_132_119.png,5
.\\animeface-character-dataset\\thumb\\005_lelouch_lamperouge\\face_267_359_22.png,5
.\\animeface-character-dataset\\thumb\\005_lelouch_lamperouge\\face_270_166_157.png,5
.\\animeface-character-dataset\\thumb\\005_lelouch_lamperouge\\face_273_224_36.png,5
.\\animeface-character-dataset\\thumb\\005_lelouch_lamperouge\\face_274_313_133.png,5
.\\animeface-character-dataset\\thumb\\005_lelouch_lamperouge\\face_284_132_9.png,5
.\\animeface-character-dataset\\thumb\\005_lelouch_lamperouge\\face_298_149_115.png,5
.\\animeface-character-dataset\\thumb\\005_lelouch_lamperouge\\face_300_357_151.png,5
.\\animeface-character-dataset\\thumb\\005_lelouch_lamperouge\\face_303_260_91.png,5
.\\animeface-character-dataset\\thumb\\005_lelouch_lamperouge\\face_303_322_58.png,5
.\\animeface-character-dataset\\thumb\\005_lelouch_lamperouge\\face_306_357_51.png,5
.\\animeface-character-dataset\\thumb\\005_lelouch_lamperouge\\face_306_357_108.png,5
.\\animeface-character-dataset\\thumb\\005_lelouch_lamperouge\\face_317_158_39.png,5
.\\animeface-character-dataset\\thumb\\005_lelouch_lamperouge\\face_321_73_1.png,5
.\\animeface-character-dataset\\thumb\\005_lelouch_lamperouge\\face_325_132_132.png,5
.\\animeface-character-dataset\\thumb\\005_lelouch_lamperouge\\face_325_445_120.png,5
.\\animeface-character-dataset\\thumb\\005_lelouch_lamperouge\\face_326_261_126.png,5
.\\animeface-character-dataset\\thumb\\005_lelouch_lamperouge\\face_341_341_27.png,5
.\\animeface-character-dataset\\thumb\\005_lelouch_lamperouge\\face_341_569_97.png,5
.\\animeface-character-dataset\\thumb\\005_lelouch_lamperouge\\face_346_216_107.png,5
.\\animeface-character-dataset\\thumb\\005_lelouch_lamperouge\\face_354_190_37.png,5
.\\animeface-character-dataset\\thumb\\005_lelouch_lamperouge\\face_363_225_103.png,5
.\\animeface-character-dataset\\thumb\\005_lelouch_lamperouge\\face_363_454_50.png,5
.\\animeface-character-dataset\\thumb\\005_lelouch_lamperouge\\face_373_149_131.png,5
.\\animeface-character-dataset\\thumb\\005_lelouch_lamperouge\\face_379_142_66.png,5
.\\animeface-character-dataset\\thumb\\005_lelouch_lamperouge\\face_382_369_41.png,5
.\\animeface-character-dataset\\thumb\\005_lelouch_lamperouge\\face_395_189_130.png,5
.\\animeface-character-dataset\\thumb\\005_lelouch_lamperouge\\face_398_94_153.png,5
.\\animeface-character-dataset\\thumb\\005_lelouch_lamperouge\\face_398_113_76.png,5
.\\animeface-character-dataset\\thumb\\005_lelouch_lamperouge\\face_404_144_16.png,5
.\\animeface-character-dataset\\thumb\\005_lelouch_lamperouge\\face_405_202_144.png,5
.\\animeface-character-dataset\\thumb\\005_lelouch_lamperouge\\face_415_249_11.png,5
.\\animeface-character-dataset\\thumb\\005_lelouch_lamperouge\\face_425_261_156.png,5
.\\animeface-character-dataset\\thumb\\005_lelouch_lamperouge\\face_425_326_34.png,5
.\\animeface-character-dataset\\thumb\\005_lelouch_lamperouge\\face_427_174_83.png,5
.\\animeface-character-dataset\\thumb\\005_lelouch_lamperouge\\face_442_158_87.png,5
.\\animeface-character-dataset\\thumb\\005_lelouch_lamperouge\\face_442_205_129.png,5
.\\animeface-character-dataset\\thumb\\005_lelouch_lamperouge\\face_443_130_101.png,5
.\\animeface-character-dataset\\thumb\\005_lelouch_lamperouge\\face_447_144_32.png,5
.\\animeface-character-dataset\\thumb\\005_lelouch_lamperouge\\face_450_225_158.png,5
.\\animeface-character-dataset\\thumb\\005_lelouch_lamperouge\\face_455_265_23.png,5
.\\animeface-character-dataset\\thumb\\005_lelouch_lamperouge\\face_468_128_70.png,5
.\\animeface-character-dataset\\thumb\\005_lelouch_lamperouge\\face_477_166_146.png,5
.\\animeface-character-dataset\\thumb\\005_lelouch_lamperouge\\face_493_417_57.png,5
.\\animeface-character-dataset\\thumb\\005_lelouch_lamperouge\\face_507_209_68.png,5
.\\animeface-character-dataset\\thumb\\005_lelouch_lamperouge\\face_568_341_24.png,5
.\\animeface-character-dataset\\thumb\\005_lelouch_lamperouge\\face_623_103_72.png,5
.\\animeface-character-dataset\\thumb\\005_lelouch_lamperouge\\face_636_181_80.png,5
.\\animeface-character-dataset\\thumb\\005_lelouch_lamperouge\\face_647_199_96.png,5
.\\animeface-character-dataset\\thumb\\005_lelouch_lamperouge\\face_765_86_136.png,5
.\\animeface-character-dataset\\thumb\\005_lelouch_lamperouge\\face_896_99_55.png,5
.\\animeface-character-dataset\\thumb\\005_lelouch_lamperouge\\face_933_284_5.png,5
.\\animeface-character-dataset\\thumb\\005_lelouch_lamperouge\\face_986_113_31.png,5
.\\animeface-character-dataset\\thumb\\005_lelouch_lamperouge\\face_1036_265_38.png,5
.\\animeface-character-dataset\\thumb\\005_lelouch_lamperouge\\face_1080_186_74.png,5
.\\animeface-character-dataset\\thumb\\005_lelouch_lamperouge\\face_1141_317_93.png,5
.\\animeface-character-dataset\\thumb\\006_akiyama_mio\\face_20_130_118.png,6
.\\animeface-character-dataset\\thumb\\006_akiyama_mio\\face_54_218_146.png,6
.\\animeface-character-dataset\\thumb\\006_akiyama_mio\\face_90_854_125.png,6
.\\animeface-character-dataset\\thumb\\006_akiyama_mio\\face_94_170_8.png,6
.\\animeface-character-dataset\\thumb\\006_akiyama_mio\\face_107_214_41.png,6
.\\animeface-character-dataset\\thumb\\006_akiyama_mio\\face_109_136_95.png,6
.\\animeface-character-dataset\\thumb\\006_akiyama_mio\\face_118_145_56.png,6
.\\animeface-character-dataset\\thumb\\006_akiyama_mio\\face_130_130_88.png,6
.\\animeface-character-dataset\\thumb\\006_akiyama_mio\\face_136_163_61.png,6
.\\animeface-character-dataset\\thumb\\006_akiyama_mio\\face_145_105_27.png,6
.\\animeface-character-dataset\\thumb\\006_akiyama_mio\\face_145_277_60.png,6
.\\animeface-character-dataset\\thumb\\006_akiyama_mio\\face_149_124_53.png,6
.\\animeface-character-dataset\\thumb\\006_akiyama_mio\\face_149_149_39.png,6
.\\animeface-character-dataset\\thumb\\006_akiyama_mio\\face_149_174_127.png,6
.\\animeface-character-dataset\\thumb\\006_akiyama_mio\\face_155_121_117.png,6
.\\animeface-character-dataset\\thumb\\006_akiyama_mio\\face_156_569_33.png,6
.\\animeface-character-dataset\\thumb\\006_akiyama_mio\\face_158_184_153.png,6
.\\animeface-character-dataset\\thumb\\006_akiyama_mio\\face_163_218_121.png,6
.\\animeface-character-dataset\\thumb\\006_akiyama_mio\\face_170_113_140.png,6
.\\animeface-character-dataset\\thumb\\006_akiyama_mio\\face_173_138_84.png,6
.\\animeface-character-dataset\\thumb\\006_akiyama_mio\\face_204_113_51.png,6
.\\animeface-character-dataset\\thumb\\006_akiyama_mio\\face_204_181_47.png,6
.\\animeface-character-dataset\\thumb\\006_akiyama_mio\\face_205_268_46.png,6
.\\animeface-character-dataset\\thumb\\006_akiyama_mio\\face_245_163_102.png,6
.\\animeface-character-dataset\\thumb\\006_akiyama_mio\\face_245_272_100.png,6
.\\animeface-character-dataset\\thumb\\006_akiyama_mio\\face_273_249_157.png,6
.\\animeface-character-dataset\\thumb\\006_akiyama_mio\\face_284_205_20.png,6
.\\animeface-character-dataset\\thumb\\006_akiyama_mio\\face_295_363_122.png,6
.\\animeface-character-dataset\\thumb\\006_akiyama_mio\\face_300_214_112.png,6
.\\animeface-character-dataset\\thumb\\006_akiyama_mio\\face_303_189_79.png,6
.\\animeface-character-dataset\\thumb\\006_akiyama_mio\\face_303_189_154.png,6
.\\animeface-character-dataset\\thumb\\006_akiyama_mio\\face_308_88_134.png,6
.\\animeface-character-dataset\\thumb\\006_akiyama_mio\\face_311_363_91.png,6
.\\animeface-character-dataset\\thumb\\006_akiyama_mio\\face_328_209_7.png,6
.\\animeface-character-dataset\\thumb\\006_akiyama_mio\\face_328_209_155.png,6
.\\animeface-character-dataset\\thumb\\006_akiyama_mio\\face_328_238_128.png,6
.\\animeface-character-dataset\\thumb\\006_akiyama_mio\\face_329_381_18.png,6
.\\animeface-character-dataset\\thumb\\006_akiyama_mio\\face_341_68_81.png,6
.\\animeface-character-dataset\\thumb\\006_akiyama_mio\\face_341_159_14.png,6
.\\animeface-character-dataset\\thumb\\006_akiyama_mio\\face_341_360_58.png,6
.\\animeface-character-dataset\\thumb\\006_akiyama_mio\\face_353_207_31.png,6
.\\animeface-character-dataset\\thumb\\006_akiyama_mio\\face_363_138_98.png,6
.\\animeface-character-dataset\\thumb\\006_akiyama_mio\\face_363_174_1.png,6
.\\animeface-character-dataset\\thumb\\006_akiyama_mio\\face_363_253_129.png,6
.\\animeface-character-dataset\\thumb\\006_akiyama_mio\\face_373_290_106.png,6
.\\animeface-character-dataset\\thumb\\006_akiyama_mio\\face_381_109_27.png,6
.\\animeface-character-dataset\\thumb\\006_akiyama_mio\\face_386_159_105.png,6
.\\animeface-character-dataset\\thumb\\006_akiyama_mio\\face_394_166_59.png,6
.\\animeface-character-dataset\\thumb\\006_akiyama_mio\\face_394_166_126.png,6
.\\animeface-character-dataset\\thumb\\006_akiyama_mio\\face_398_124_66.png,6
.\\animeface-character-dataset\\thumb\\006_akiyama_mio\\face_404_115_85.png,6
.\\animeface-character-dataset\\thumb\\006_akiyama_mio\\face_415_145_83.png,6
.\\animeface-character-dataset\\thumb\\006_akiyama_mio\\face_415_290_19.png,6
.\\animeface-character-dataset\\thumb\\006_akiyama_mio\\face_417_170_145.png,6
.\\animeface-character-dataset\\thumb\\006_akiyama_mio\\face_429_187_78.png,6
.\\animeface-character-dataset\\thumb\\006_akiyama_mio\\face_432_682_108.png,6
.\\animeface-character-dataset\\thumb\\006_akiyama_mio\\face_450_86_146.png,6
.\\animeface-character-dataset\\thumb\\006_akiyama_mio\\face_482_251_34.png,6
.\\animeface-character-dataset\\thumb\\006_akiyama_mio\\face_486_266_159.png,6
.\\animeface-character-dataset\\thumb\\006_akiyama_mio\\face_493_113_125.png,6
.\\animeface-character-dataset\\thumb\\006_akiyama_mio\\face_498_124_0.png,6
.\\animeface-character-dataset\\thumb\\006_akiyama_mio\\face_502_173_50.png,6
.\\animeface-character-dataset\\thumb\\006_akiyama_mio\\face_506_237_136.png,6
.\\animeface-character-dataset\\thumb\\006_akiyama_mio\\face_515_171_3.png,6
.\\animeface-character-dataset\\thumb\\006_akiyama_mio\\face_528_253_139.png,6
.\\animeface-character-dataset\\thumb\\006_akiyama_mio\\face_537_311_18.png,6
.\\animeface-character-dataset\\thumb\\006_akiyama_mio\\face_542_457_38.png,6
.\\animeface-character-dataset\\thumb\\006_akiyama_mio\\face_551_91_131.png,6
.\\animeface-character-dataset\\thumb\\006_akiyama_mio\\face_551_176_36.png,6
.\\animeface-character-dataset\\thumb\\006_akiyama_mio\\face_585_383_135.png,6
.\\animeface-character-dataset\\thumb\\006_akiyama_mio\\face_587_605_48.png,6
.\\animeface-character-dataset\\thumb\\006_akiyama_mio\\face_746_268_23.png,6
.\\animeface-character-dataset\\thumb\\006_akiyama_mio\\face_815_132_57.png,6
.\\animeface-character-dataset\\thumb\\006_akiyama_mio\\face_818_159_30.png,6
.\\animeface-character-dataset\\thumb\\006_akiyama_mio\\face_818_159_75.png,6
.\\animeface-character-dataset\\thumb\\006_akiyama_mio\\face_1217_99_131.png,6
.\\animeface-character-dataset\\thumb\\007_nagato_yuki\\face_0_119_15.png,7
.\\animeface-character-dataset\\thumb\\007_nagato_yuki\\face_0_149_83.png,7
.\\animeface-character-dataset\\thumb\\007_nagato_yuki\\face_37_777_100.png,7
.\\animeface-character-dataset\\thumb\\007_nagato_yuki\\face_45_136_99.png,7
.\\animeface-character-dataset\\thumb\\007_nagato_yuki\\face_58_243_31.png,7
.\\animeface-character-dataset\\thumb\\007_nagato_yuki\\face_66_88_36.png,7
.\\animeface-character-dataset\\thumb\\007_nagato_yuki\\face_81_821_8.png,7
.\\animeface-character-dataset\\thumb\\007_nagato_yuki\\face_83_270_92.png,7
.\\animeface-character-dataset\\thumb\\007_nagato_yuki\\face_92_105_123.png,7
.\\animeface-character-dataset\\thumb\\007_nagato_yuki\\face_94_151_93.png,7
.\\animeface-character-dataset\\thumb\\007_nagato_yuki\\face_96_228_116.png,7
.\\animeface-character-dataset\\thumb\\007_nagato_yuki\\face_98_163_22.png,7
.\\animeface-character-dataset\\thumb\\007_nagato_yuki\\face_107_214_61.png,7
.\\animeface-character-dataset\\thumb\\007_nagato_yuki\\face_132_132_49.png,7
.\\animeface-character-dataset\\thumb\\007_nagato_yuki\\face_132_417_20.png,7
.\\animeface-character-dataset\\thumb\\007_nagato_yuki\\face_136_490_144.png,7
.\\animeface-character-dataset\\thumb\\007_nagato_yuki\\face_145_303_113.png,7
.\\animeface-character-dataset\\thumb\\007_nagato_yuki\\face_149_418_105.png,7
.\\animeface-character-dataset\\thumb\\007_nagato_yuki\\face_151_493_68.png,7
.\\animeface-character-dataset\\thumb\\007_nagato_yuki\\face_158_316_77.png,7
.\\animeface-character-dataset\\thumb\\007_nagato_yuki\\face_159_136_109.png,7
.\\animeface-character-dataset\\thumb\\007_nagato_yuki\\face_163_163_72.png,7
.\\animeface-character-dataset\\thumb\\007_nagato_yuki\\face_163_196_51.png,7
.\\animeface-character-dataset\\thumb\\007_nagato_yuki\\face_170_432_133.png,7
.\\animeface-character-dataset\\thumb\\007_nagato_yuki\\face_170_432_158.png,7
.\\animeface-character-dataset\\thumb\\007_nagato_yuki\\face_190_259_90.png,7
.\\animeface-character-dataset\\thumb\\007_nagato_yuki\\face_196_163_5.png,7
.\\animeface-character-dataset\\thumb\\007_nagato_yuki\\face_199_149_150.png,7
.\\animeface-character-dataset\\thumb\\007_nagato_yuki\\face_201_419_32.png,7
.\\animeface-character-dataset\\thumb\\007_nagato_yuki\\face_202_270_79.png,7
.\\animeface-character-dataset\\thumb\\007_nagato_yuki\\face_204_84_85.png,7
.\\animeface-character-dataset\\thumb\\007_nagato_yuki\\face_207_311_67.png,7
.\\animeface-character-dataset\\thumb\\007_nagato_yuki\\face_211_241_4.png,7
.\\animeface-character-dataset\\thumb\\007_nagato_yuki\\face_211_241_91.png,7
.\\animeface-character-dataset\\thumb\\007_nagato_yuki\\face_221_76_101.png,7
.\\animeface-character-dataset\\thumb\\007_nagato_yuki\\face_227_94_62.png,7
.\\animeface-character-dataset\\thumb\\007_nagato_yuki\\face_227_136_147.png,7
.\\animeface-character-dataset\\thumb\\007_nagato_yuki\\face_229_76_143.png,7
.\\animeface-character-dataset\\thumb\\007_nagato_yuki\\face_235_235_66.png,7
.\\animeface-character-dataset\\thumb\\007_nagato_yuki\\face_235_235_128.png,7
.\\animeface-character-dataset\\thumb\\007_nagato_yuki\\face_235_274_156.png,7
.\\animeface-character-dataset\\thumb\\007_nagato_yuki\\face_250_159_64.png,7
.\\animeface-character-dataset\\thumb\\007_nagato_yuki\\face_257_171_107.png,7
.\\animeface-character-dataset\\thumb\\007_nagato_yuki\\face_257_257_148.png,7
.\\animeface-character-dataset\\thumb\\007_nagato_yuki\\face_261_130_58.png,7
.\\animeface-character-dataset\\thumb\\007_nagato_yuki\\face_277_173_115.png,7
.\\animeface-character-dataset\\thumb\\007_nagato_yuki\\face_286_461_41.png,7
.\\animeface-character-dataset\\thumb\\007_nagato_yuki\\face_288_158_14.png,7
.\\animeface-character-dataset\\thumb\\007_nagato_yuki\\face_289_96_60.png,7
.\\animeface-character-dataset\\thumb\\007_nagato_yuki\\face_290_369_84.png,7
.\\animeface-character-dataset\\thumb\\007_nagato_yuki\\face_295_409_71.png,7
.\\animeface-character-dataset\\thumb\\007_nagato_yuki\\face_300_585_127.png,7
.\\animeface-character-dataset\\thumb\\007_nagato_yuki\\face_319_418_2.png,7
.\\animeface-character-dataset\\thumb\\007_nagato_yuki\\face_323_149_129.png,7
.\\animeface-character-dataset\\thumb\\007_nagato_yuki\\face_323_174_52.png,7
.\\animeface-character-dataset\\thumb\\007_nagato_yuki\\face_327_136_28.png,7
.\\animeface-character-dataset\\thumb\\007_nagato_yuki\\face_332_41_146.png,7
.\\animeface-character-dataset\\thumb\\007_nagato_yuki\\face_341_204_3.png,7
.\\animeface-character-dataset\\thumb\\007_nagato_yuki\\face_346_202_74.png,7
.\\animeface-character-dataset\\thumb\\007_nagato_yuki\\face_348_124_112.png,7
.\\animeface-character-dataset\\thumb\\007_nagato_yuki\\face_348_124_135.png,7
.\\animeface-character-dataset\\thumb\\007_nagato_yuki\\face_348_398_152.png,7
.\\animeface-character-dataset\\thumb\\007_nagato_yuki\\face_361_245_94.png,7
.\\animeface-character-dataset\\thumb\\007_nagato_yuki\\face_363_138_97.png,7
.\\animeface-character-dataset\\thumb\\007_nagato_yuki\\face_373_149_157.png,7
.\\animeface-character-dataset\\thumb\\007_nagato_yuki\\face_376_431_69.png,7
.\\animeface-character-dataset\\thumb\\007_nagato_yuki\\face_379_189_23.png,7
.\\animeface-character-dataset\\thumb\\007_nagato_yuki\\face_398_249_33.png,7
.\\animeface-character-dataset\\thumb\\007_nagato_yuki\\face_417_170_141.png,7
.\\animeface-character-dataset\\thumb\\007_nagato_yuki\\face_427_522_57.png,7
.\\animeface-character-dataset\\thumb\\007_nagato_yuki\\face_436_360_82.png,7
.\\animeface-character-dataset\\thumb\\007_nagato_yuki\\face_442_126_56.png,7
.\\animeface-character-dataset\\thumb\\007_nagato_yuki\\face_442_284_132.png,7
.\\animeface-character-dataset\\thumb\\007_nagato_yuki\\face_461_171_76.png,7
.\\animeface-character-dataset\\thumb\\007_nagato_yuki\\face_484_407_104.png,7
.\\animeface-character-dataset\\thumb\\007_nagato_yuki\\face_484_649_136.png,7
.\\animeface-character-dataset\\thumb\\007_nagato_yuki\\face_502_623_124.png,7
.\\animeface-character-dataset\\thumb\\007_nagato_yuki\\face_549_809_78.png,7
.\\animeface-character-dataset\\thumb\\007_nagato_yuki\\face_554_614_50.png,7
.\\animeface-character-dataset\\thumb\\007_nagato_yuki\\face_572_179_138.png,7
.\\animeface-character-dataset\\thumb\\007_nagato_yuki\\face_574_459_134.png,7
.\\animeface-character-dataset\\thumb\\007_nagato_yuki\\face_601_214_18.png,7
.\\animeface-character-dataset\\thumb\\007_nagato_yuki\\face_608_135_6.png,7
.\\animeface-character-dataset\\thumb\\007_nagato_yuki\\face_612_474_86.png,7
.\\animeface-character-dataset\\thumb\\007_nagato_yuki\\face_711_506_110.png,7
.\\animeface-character-dataset\\thumb\\007_nagato_yuki\\face_739_265_126.png,7
.\\animeface-character-dataset\\thumb\\007_nagato_yuki\\face_747_145_40.png,7
.\\animeface-character-dataset\\thumb\\007_nagato_yuki\\face_772_199_27.png,7
.\\animeface-character-dataset\\thumb\\007_nagato_yuki\\face_772_199_87.png,7
.\\animeface-character-dataset\\thumb\\007_nagato_yuki\\face_804_201_65.png,7
.\\animeface-character-dataset\\thumb\\007_nagato_yuki\\face_810_166_99.png,7
.\\animeface-character-dataset\\thumb\\007_nagato_yuki\\face_814_190_70.png,7
.\\animeface-character-dataset\\thumb\\007_nagato_yuki\\face_824_30_34.png,7
.\\animeface-character-dataset\\thumb\\007_nagato_yuki\\face_841_136_13.png,7
.\\animeface-character-dataset\\thumb\\007_nagato_yuki\\face_932_136_142.png,7
.\\animeface-character-dataset\\thumb\\007_nagato_yuki\\face_948_189_19.png,7
.\\animeface-character-dataset\\thumb\\007_nagato_yuki\\face_985_298_63.png,7
.\\animeface-character-dataset\\thumb\\007_nagato_yuki\\face_1059_685_137.png,7
.\\animeface-character-dataset\\thumb\\007_nagato_yuki\\face_1068_181_111.png,7
.\\animeface-character-dataset\\thumb\\007_nagato_yuki\\face_1068_181_121.png,7
.\\animeface-character-dataset\\thumb\\007_nagato_yuki\\face_1080_83_99.png,7
.\\animeface-character-dataset\\thumb\\007_nagato_yuki\\face_1092_128_153.png,7
.\\animeface-character-dataset\\thumb\\007_nagato_yuki\\face_1095_277_37.png,7
.\\animeface-character-dataset\\thumb\\007_nagato_yuki\\face_1140_114_149.png,7
.\\animeface-character-dataset\\thumb\\007_nagato_yuki\\face_1176_94_155.png,7
.\\animeface-character-dataset\\thumb\\008_shana\\face_68_386_55.png,8
.\\animeface-character-dataset\\thumb\\008_shana\\face_99_319_30.png,8
.\\animeface-character-dataset\\thumb\\008_shana\\face_113_227_39.png,8
.\\animeface-character-dataset\\thumb\\008_shana\\face_121_638_6.png,8
.\\animeface-character-dataset\\thumb\\008_shana\\face_131_145_132.png,8
.\\animeface-character-dataset\\thumb\\008_shana\\face_131_409_75.png,8
.\\animeface-character-dataset\\thumb\\008_shana\\face_149_124_105.png,8
.\\animeface-character-dataset\\thumb\\008_shana\\face_149_179_96.png,8
.\\animeface-character-dataset\\thumb\\008_shana\\face_160_176_60.png,8
.\\animeface-character-dataset\\thumb\\008_shana\\face_170_189_114.png,8
.\\animeface-character-dataset\\thumb\\008_shana\\face_186_270_54.png,8
.\\animeface-character-dataset\\thumb\\008_shana\\face_187_288_24.png,8
.\\animeface-character-dataset\\thumb\\008_shana\\face_199_199_19.png,8
.\\animeface-character-dataset\\thumb\\008_shana\\face_207_155_57.png,8
.\\animeface-character-dataset\\thumb\\008_shana\\face_207_225_146.png,8
.\\animeface-character-dataset\\thumb\\008_shana\\face_209_209_62.png,8
.\\animeface-character-dataset\\thumb\\008_shana\\face_218_218_97.png,8
.\\animeface-character-dataset\\thumb\\008_shana\\face_221_237_21.png,8
.\\animeface-character-dataset\\thumb\\008_shana\\face_224_105_27.png,8
.\\animeface-character-dataset\\thumb\\008_shana\\face_225_155_130.png,8
.\\animeface-character-dataset\\thumb\\008_shana\\face_227_181_71.png,8
.\\animeface-character-dataset\\thumb\\008_shana\\face_227_204_91.png,8
.\\animeface-character-dataset\\thumb\\008_shana\\face_227_208_47.png,8
.\\animeface-character-dataset\\thumb\\008_shana\\face_227_208_82.png,8
.\\animeface-character-dataset\\thumb\\008_shana\\face_228_294_34.png,8
.\\animeface-character-dataset\\thumb\\008_shana\\face_228_349_35.png,8
.\\animeface-character-dataset\\thumb\\008_shana\\face_245_218_0.png,8
.\\animeface-character-dataset\\thumb\\008_shana\\face_249_199_3.png,8
.\\animeface-character-dataset\\thumb\\008_shana\\face_250_272_145.png,8
.\\animeface-character-dataset\\thumb\\008_shana\\face_250_341_17.png,8
.\\animeface-character-dataset\\thumb\\008_shana\\face_253_209_123.png,8
.\\animeface-character-dataset\\thumb\\008_shana\\face_253_221_37.png,8
.\\animeface-character-dataset\\thumb\\008_shana\\face_258_328_6.png,8
.\\animeface-character-dataset\\thumb\\008_shana\\face_260_114_6.png,8
.\\animeface-character-dataset\\thumb\\008_shana\\face_264_407_116.png,8
.\\animeface-character-dataset\\thumb\\008_shana\\face_270_145_18.png,8
.\\animeface-character-dataset\\thumb\\008_shana\\face_270_270_14.png,8
.\\animeface-character-dataset\\thumb\\008_shana\\face_272_295_16.png,8
.\\animeface-character-dataset\\thumb\\008_shana\\face_275_706_12.png,8
.\\animeface-character-dataset\\thumb\\008_shana\\face_284_227_122.png,8
.\\animeface-character-dataset\\thumb\\008_shana\\face_290_124_45.png,8
.\\animeface-character-dataset\\thumb\\008_shana\\face_290_237_93.png,8
.\\animeface-character-dataset\\thumb\\008_shana\\face_290_290_66.png,8
.\\animeface-character-dataset\\thumb\\008_shana\\face_295_159_53.png,8
.\\animeface-character-dataset\\thumb\\008_shana\\face_297_209_76.png,8
.\\animeface-character-dataset\\thumb\\008_shana\\face_303_132_131.png,8
.\\animeface-character-dataset\\thumb\\008_shana\\face_303_290_73.png,8
.\\animeface-character-dataset\\thumb\\008_shana\\face_303_303_124.png,8
.\\animeface-character-dataset\\thumb\\008_shana\\face_311_353_151.png,8
.\\animeface-character-dataset\\thumb\\008_shana\\face_317_245_117.png,8
.\\animeface-character-dataset\\thumb\\008_shana\\face_318_272_106.png,8
.\\animeface-character-dataset\\thumb\\008_shana\\face_319_264_33.png,8
.\\animeface-character-dataset\\thumb\\008_shana\\face_328_209_128.png,8
.\\animeface-character-dataset\\thumb\\008_shana\\face_329_346_25.png,8
.\\animeface-character-dataset\\thumb\\008_shana\\face_330_132_144.png,8
.\\animeface-character-dataset\\thumb\\008_shana\\face_330_495_30.png,8
.\\animeface-character-dataset\\thumb\\008_shana\\face_341_204_85.png,8
.\\animeface-character-dataset\\thumb\\008_shana\\face_351_251_95.png,8
.\\animeface-character-dataset\\thumb\\008_shana\\face_352_390_107.png,8
.\\animeface-character-dataset\\thumb\\008_shana\\face_358_89_68.png,8
.\\animeface-character-dataset\\thumb\\008_shana\\face_359_294_158.png,8
.\\animeface-character-dataset\\thumb\\008_shana\\face_360_265_44.png,8
.\\animeface-character-dataset\\thumb\\008_shana\\face_363_181_79.png,8
.\\animeface-character-dataset\\thumb\\008_shana\\face_363_294_41.png,8
.\\animeface-character-dataset\\thumb\\008_shana\\face_363_329_1.png,8
.\\animeface-character-dataset\\thumb\\008_shana\\face_369_316_4.png,8
.\\animeface-character-dataset\\thumb\\008_shana\\face_371_110_125.png,8
.\\animeface-character-dataset\\thumb\\008_shana\\face_379_379_155.png,8
.\\animeface-character-dataset\\thumb\\008_shana\\face_407_66_30.png,8
.\\animeface-character-dataset\\thumb\\008_shana\\face_409_156_126.png,8
.\\animeface-character-dataset\\thumb\\008_shana\\face_409_409_61.png,8
.\\animeface-character-dataset\\thumb\\008_shana\\face_419_237_13.png,8
.\\animeface-character-dataset\\thumb\\008_shana\\face_429_242_77.png,8
.\\animeface-character-dataset\\thumb\\008_shana\\face_445_409_98.png,8
.\\animeface-character-dataset\\thumb\\008_shana\\face_473_286_63.png,8
.\\animeface-character-dataset\\thumb\\008_shana\\face_474_379_139.png,8
.\\animeface-character-dataset\\thumb\\008_shana\\face_522_199_72.png,8
.\\animeface-character-dataset\\thumb\\008_shana\\face_537_119_133.png,8
.\\animeface-character-dataset\\thumb\\008_shana\\face_537_316_94.png,8
.\\animeface-character-dataset\\thumb\\008_shana\\face_540_228_46.png,8
.\\animeface-character-dataset\\thumb\\008_shana\\face_540_311_142.png,8
.\\animeface-character-dataset\\thumb\\008_shana\\face_560_207_109.png,8
.\\animeface-character-dataset\\thumb\\008_shana\\face_626_277_65.png,8
.\\animeface-character-dataset\\thumb\\008_shana\\face_640_242_58.png,8
.\\animeface-character-dataset\\thumb\\008_shana\\face_682_204_88.png,8
.\\animeface-character-dataset\\thumb\\008_shana\\face_815_257_11.png,8
.\\animeface-character-dataset\\thumb\\008_shana\\face_830_207_23.png,8
.\\animeface-character-dataset\\thumb\\008_shana\\face_883_138_101.png,8
.\\animeface-character-dataset\\thumb\\008_shana\\face_883_363_84.png,8
.\\animeface-character-dataset\\thumb\\008_shana\\face_893_207_150.png,8
.\\animeface-character-dataset\\thumb\\008_shana\\face_902_77_30.png,8
.\\animeface-character-dataset\\thumb\\008_shana\\face_932_181_154.png,8
.\\animeface-character-dataset\\thumb\\008_shana\\face_1155_549_30.png,8
.\\animeface-character-dataset\\thumb\\008_shana\\face_1240_65_30.png,8
.\\animeface-character-dataset\\thumb\\009_hakurei_reimu\\face_37_360_96.png,9
.\\animeface-character-dataset\\thumb\\009_hakurei_reimu\\face_65_196_158.png,9
.\\animeface-character-dataset\\thumb\\009_hakurei_reimu\\face_80_130_87.png,9
.\\animeface-character-dataset\\thumb\\009_hakurei_reimu\\face_83_353_10.png,9
.\\animeface-character-dataset\\thumb\\009_hakurei_reimu\\face_96_578_35.png,9
.\\animeface-character-dataset\\thumb\\009_hakurei_reimu\\face_100_326_119.png,9
.\\animeface-character-dataset\\thumb\\009_hakurei_reimu\\face_113_227_61.png,9
.\\animeface-character-dataset\\thumb\\009_hakurei_reimu\\face_120_168_154.png,9
.\\animeface-character-dataset\\thumb\\009_hakurei_reimu\\face_120_433_112.png,9
.\\animeface-character-dataset\\thumb\\009_hakurei_reimu\\face_120_522_149.png,9
.\\animeface-character-dataset\\thumb\\009_hakurei_reimu\\face_128_174_92.png,9
.\\animeface-character-dataset\\thumb\\009_hakurei_reimu\\face_130_326_63.png,9
.\\animeface-character-dataset\\thumb\\009_hakurei_reimu\\face_132_284_54.png,9
.\\animeface-character-dataset\\thumb\\009_hakurei_reimu\\face_137_532_8.png,9
.\\animeface-character-dataset\\thumb\\009_hakurei_reimu\\face_138_346_150.png,9
.\\animeface-character-dataset\\thumb\\009_hakurei_reimu\\face_145_207_29.png,9
.\\animeface-character-dataset\\thumb\\009_hakurei_reimu\\face_157_268_64.png,9
.\\animeface-character-dataset\\thumb\\009_hakurei_reimu\\face_158_110_50.png,9
.\\animeface-character-dataset\\thumb\\009_hakurei_reimu\\face_166_519_128.png,9
.\\animeface-character-dataset\\thumb\\009_hakurei_reimu\\face_166_540_58.png,9
.\\animeface-character-dataset\\thumb\\009_hakurei_reimu\\face_170_417_11.png,9
.\\animeface-character-dataset\\thumb\\009_hakurei_reimu\\face_179_214_57.png,9
.\\animeface-character-dataset\\thumb\\009_hakurei_reimu\\face_190_363_46.png,9
.\\animeface-character-dataset\\thumb\\009_hakurei_reimu\\face_207_228_21.png,9
.\\animeface-character-dataset\\thumb\\009_hakurei_reimu\\face_207_249_71.png,9
.\\animeface-character-dataset\\thumb\\009_hakurei_reimu\\face_214_214_30.png,9
.\\animeface-character-dataset\\thumb\\009_hakurei_reimu\\face_221_205_66.png,9
.\\animeface-character-dataset\\thumb\\009_hakurei_reimu\\face_221_284_108.png,9
.\\animeface-character-dataset\\thumb\\009_hakurei_reimu\\face_224_298_27.png,9
.\\animeface-character-dataset\\thumb\\009_hakurei_reimu\\face_228_156_0.png,9
.\\animeface-character-dataset\\thumb\\009_hakurei_reimu\\face_228_638_24.png,9
.\\animeface-character-dataset\\thumb\\009_hakurei_reimu\\face_249_228_136.png,9
.\\animeface-character-dataset\\thumb\\009_hakurei_reimu\\face_249_353_73.png,9
.\\animeface-character-dataset\\thumb\\009_hakurei_reimu\\face_261_200_62.png,9
.\\animeface-character-dataset\\thumb\\009_hakurei_reimu\\face_261_261_139.png,9
.\\animeface-character-dataset\\thumb\\009_hakurei_reimu\\face_268_63_28.png,9
.\\animeface-character-dataset\\thumb\\009_hakurei_reimu\\face_270_207_13.png,9
.\\animeface-character-dataset\\thumb\\009_hakurei_reimu\\face_272_250_142.png,9
.\\animeface-character-dataset\\thumb\\009_hakurei_reimu\\face_273_199_95.png,9
.\\animeface-character-dataset\\thumb\\009_hakurei_reimu\\face_279_594_36.png,9
.\\animeface-character-dataset\\thumb\\009_hakurei_reimu\\face_281_371_49.png,9
.\\animeface-character-dataset\\thumb\\009_hakurei_reimu\\face_283_130_121.png,9
.\\animeface-character-dataset\\thumb\\009_hakurei_reimu\\face_286_322_59.png,9
.\\animeface-character-dataset\\thumb\\009_hakurei_reimu\\face_294_415_93.png,9
.\\animeface-character-dataset\\thumb\\009_hakurei_reimu\\face_297_198_130.png,9
.\\animeface-character-dataset\\thumb\\009_hakurei_reimu\\face_303_332_90.png,9
.\\animeface-character-dataset\\thumb\\009_hakurei_reimu\\face_303_409_118.png,9
.\\animeface-character-dataset\\thumb\\009_hakurei_reimu\\face_303_422_41.png,9
.\\animeface-character-dataset\\thumb\\009_hakurei_reimu\\face_311_242_123.png,9
.\\animeface-character-dataset\\thumb\\009_hakurei_reimu\\face_312_128_32.png,9
.\\animeface-character-dataset\\thumb\\009_hakurei_reimu\\face_330_396_6.png,9
.\\animeface-character-dataset\\thumb\\009_hakurei_reimu\\face_332_186_1.png,9
.\\animeface-character-dataset\\thumb\\009_hakurei_reimu\\face_332_186_7.png,9
.\\animeface-character-dataset\\thumb\\009_hakurei_reimu\\face_332_207_60.png,9
.\\animeface-character-dataset\\thumb\\009_hakurei_reimu\\face_332_363_12.png,9
.\\animeface-character-dataset\\thumb\\009_hakurei_reimu\\face_343_237_83.png,9
.\\animeface-character-dataset\\thumb\\009_hakurei_reimu\\face_349_454_82.png,9
.\\animeface-character-dataset\\thumb\\009_hakurei_reimu\\face_363_341_16.png,9
.\\animeface-character-dataset\\thumb\\009_hakurei_reimu\\face_370_185_88.png,9
.\\animeface-character-dataset\\thumb\\009_hakurei_reimu\\face_374_660_115.png,9
.\\animeface-character-dataset\\thumb\\009_hakurei_reimu\\face_382_263_98.png,9
.\\animeface-character-dataset\\thumb\\009_hakurei_reimu\\face_385_165_4.png,9
.\\animeface-character-dataset\\thumb\\009_hakurei_reimu\\face_385_216_52.png,9
.\\animeface-character-dataset\\thumb\\009_hakurei_reimu\\face_390_447_77.png,9
.\\animeface-character-dataset\\thumb\\009_hakurei_reimu\\face_394_166_18.png,9
.\\animeface-character-dataset\\thumb\\009_hakurei_reimu\\face_395_158_56.png,9
.\\animeface-character-dataset\\thumb\\009_hakurei_reimu\\face_398_242_22.png,9
.\\animeface-character-dataset\\thumb\\009_hakurei_reimu\\face_398_398_68.png,9
.\\animeface-character-dataset\\thumb\\009_hakurei_reimu\\face_401_231_70.png,9
.\\animeface-character-dataset\\thumb\\009_hakurei_reimu\\face_412_181_110.png,9
.\\animeface-character-dataset\\thumb\\009_hakurei_reimu\\face_412_265_81.png,9
.\\animeface-character-dataset\\thumb\\009_hakurei_reimu\\face_412_462_15.png,9
.\\animeface-character-dataset\\thumb\\009_hakurei_reimu\\face_418_308_94.png,9
.\\animeface-character-dataset\\thumb\\009_hakurei_reimu\\face_421_216_3.png,9
.\\animeface-character-dataset\\thumb\\009_hakurei_reimu\\face_422_301_5.png,9
.\\animeface-character-dataset\\thumb\\009_hakurei_reimu\\face_436_265_39.png,9
.\\animeface-character-dataset\\thumb\\009_hakurei_reimu\\face_452_281_152.png,9
.\\animeface-character-dataset\\thumb\\009_hakurei_reimu\\face_474_208_114.png,9
.\\animeface-character-dataset\\thumb\\009_hakurei_reimu\\face_474_211_9.png,9
.\\animeface-character-dataset\\thumb\\009_hakurei_reimu\\face_477_436_151.png,9
.\\animeface-character-dataset\\thumb\\009_hakurei_reimu\\face_494_204_101.png,9
.\\animeface-character-dataset\\thumb\\009_hakurei_reimu\\face_495_495_140.png,9
.\\animeface-character-dataset\\thumb\\009_hakurei_reimu\\face_501_769_75.png,9
.\\animeface-character-dataset\\thumb\\009_hakurei_reimu\\face_506_337_53.png,9
.\\animeface-character-dataset\\thumb\\009_hakurei_reimu\\face_507_209_31.png,9
.\\animeface-character-dataset\\thumb\\009_hakurei_reimu\\face_537_311_65.png,9
.\\animeface-character-dataset\\thumb\\009_hakurei_reimu\\face_551_390_106.png,9
.\\animeface-character-dataset\\thumb\\009_hakurei_reimu\\face_566_409_147.png,9
.\\animeface-character-dataset\\thumb\\009_hakurei_reimu\\face_606_329_137.png,9
.\\animeface-character-dataset\\thumb\\009_hakurei_reimu\\face_620_211_100.png,9
.\\animeface-character-dataset\\thumb\\009_hakurei_reimu\\face_650_84_36.png,9
.\\animeface-character-dataset\\thumb\\009_hakurei_reimu\\face_685_228_47.png,9
.\\animeface-character-dataset\\thumb\\009_hakurei_reimu\\face_704_627_138.png,9
.\\animeface-character-dataset\\thumb\\009_hakurei_reimu\\face_747_145_116.png,9
.\\animeface-character-dataset\\thumb\\009_hakurei_reimu\\face_771_352_72.png,9
.\\animeface-character-dataset\\thumb\\009_hakurei_reimu\\face_831_180_2.png,9
.\\animeface-character-dataset\\thumb\\009_hakurei_reimu\\face_834_150_25.png,9
.\\animeface-character-dataset\\thumb\\009_hakurei_reimu\\face_881_187_105.png,9
.\\animeface-character-dataset\\thumb\\009_hakurei_reimu\\face_930_429_55.png,9
.\\animeface-character-dataset\\thumb\\009_hakurei_reimu\\face_1174_541_103.png,9
